<?xml version="1.0" encoding="UTF-8"?>
<project-private xmlns="http://www.netbeans.org/ns/project-private/1">
    <editor-bookmarks xmlns="http://www.netbeans.org/ns/editor-bookmarks/2" lastBookmarkId="0"/>
    <open-files xmlns="http://www.netbeans.org/ns/projectui-open-files/2">
        <group>
            <file>file:/C:/Users/angel/Documents/Documentos%20de%20Clases%20en%20linea/Estructura%20de%20datos/LAB/EDD_PROYECTO_FASE1_202010223/FASE%202/%5BEDD%5DPROYECTO_FASE2_202010223/src/edd/proyecto_fase2_202010223/ABB.java</file>
            <file>file:/C:/Users/angel/Documents/Documentos%20de%20Clases%20en%20linea/Estructura%20de%20datos/LAB/EDD_PROYECTO_FASE1_202010223/FASE%202/%5BEDD%5DPROYECTO_FASE2_202010223/src/edd/proyecto_fase2_202010223/Administrador.java</file>
            <file>file:/C:/Users/angel/Documents/Documentos%20de%20Clases%20en%20linea/Estructura%20de%20datos/LAB/EDD_PROYECTO_FASE1_202010223/FASE%202/%5BEDD%5DPROYECTO_FASE2_202010223/src/edd/proyecto_fase2_202010223/Vcliente.java</file>
            <file>file:/C:/Users/angel/Documents/Documentos%20de%20Clases%20en%20linea/Estructura%20de%20datos/LAB/EDD_PROYECTO_FASE1_202010223/FASE%202/%5BEDD%5DPROYECTO_FASE2_202010223/src/edd/proyecto_fase2_202010223/RegistroA.java</file>
            <file>file:/C:/Users/angel/Documents/Documentos%20de%20Clases%20en%20linea/Estructura%20de%20datos/LAB/EDD_PROYECTO_FASE1_202010223/FASE%202/%5BEDD%5DPROYECTO_FASE2_202010223/src/edd/proyecto_fase2_202010223/AVL.java</file>
            <file>file:/C:/Users/angel/Documents/Documentos%20de%20Clases%20en%20linea/Estructura%20de%20datos/LAB/EDD_PROYECTO_FASE1_202010223/FASE%202/%5BEDD%5DPROYECTO_FASE2_202010223/src/edd/proyecto_fase2_202010223/Login.java</file>
            <file>file:/C:/Users/angel/Documents/Documentos%20de%20Clases%20en%20linea/Estructura%20de%20datos/LAB/EDD_PROYECTO_FASE1_202010223/FASE%202/%5BEDD%5DPROYECTO_FASE2_202010223/src/edd/proyecto_fase2_202010223/ArbolB.java</file>
            <file>file:/C:/Users/angel/Documents/Documentos%20de%20Clases%20en%20linea/Estructura%20de%20datos/LAB/EDD_PROYECTO_FASE1_202010223/FASE%202/%5BEDD%5DPROYECTO_FASE2_202010223/src/edd/proyecto_fase2_202010223/modificarA.java</file>
        </group>
    </open-files>
</project-private>
